{
  "taglib-id": "marko-math",
  "<math>": { "html": true, "htmlType": "math" },
  "<maction>": { "html": true, "htmlType": "math" },
  "<maligngroup>": { "html": true, "htmlType": "math" },
  "<malignmark>": { "html": true, "htmlType": "math" },
  "<menclose>": { "html": true, "htmlType": "math" },
  "<merror>": { "html": true, "htmlType": "math" },
  "<mfenced>": { "html": true, "htmlType": "math" },
  "<mfrac>": { "html": true, "htmlType": "math" },
  "<mglyph>": { "html": true, "htmlType": "math" },
  "<mi>": { "html": true, "htmlType": "math" },
  "<mlabeledtr>": { "html": true, "htmlType": "math" },
  "<mlongdiv>": { "html": true, "htmlType": "math" },
  "<mmultiscripts>": { "html": true, "htmlType": "math" },
  "<mn>": { "html": true, "htmlType": "math" },
  "<mo>": { "html": true, "htmlType": "math" },
  "<mover>": { "html": true, "htmlType": "math" },
  "<mpadded>": { "html": true, "htmlType": "math" },
  "<mphantom>": { "html": true, "htmlType": "math" },
  "<mroot>": { "html": true, "htmlType": "math" },
  "<mrow>": { "html": true, "htmlType": "math" },
  "<ms>": { "html": true, "htmlType": "math" },
  "<mscarries>": { "html": true, "htmlType": "math" },
  "<mscarry>": { "html": true, "htmlType": "math" },
  "<msgroup>": { "html": true, "htmlType": "math" },
  "<mstack>": { "html": true, "htmlType": "math" },
  "<msline>": { "html": true, "htmlType": "math" },
  "<mspace>": { "html": true, "htmlType": "math" },
  "<msqrt>": { "html": true, "htmlType": "math" },
  "<msrow>": { "html": true, "htmlType": "math" },
  "<mstyle>": { "html": true, "htmlType": "math" },
  "<msub>": { "html": true, "htmlType": "math" },
  "<msup>": { "html": true, "htmlType": "math" },
  "<msubsup>": { "html": true, "htmlType": "math" },
  "<mtable>": { "html": true, "htmlType": "math" },
  "<mtd>": { "html": true, "htmlType": "math" },
  "<mtext>": { "html": true, "htmlType": "math" },
  "<mtr>": { "html": true, "htmlType": "math" },
  "<munder>": { "html": true, "htmlType": "math" },
  "<munderover>": { "html": true, "htmlType": "math" },
  "<semantics>": { "html": true, "htmlType": "math" },
  "<mprescripts>": { "html": true, "htmlType": "math" },
  "<none>": { "html": true, "htmlType": "math" }
}
