{"vars":{"props":{"$empty":"e","$rest":"t","$attrTag":"n","$attrTags":"r","$attrTagIterator":"l","$forIn":"o","$forOf":"i","$forTo":"u","$stringifyClassObject":"a","$stringifyStyleObject":"f","$toDelimitedString":"c","$isEventHandler":"s","$getEventHandlerName":"d","$normalizeDynamicRenderer":"h","$defaultDelegator":"g","$on":"p","$createDelegator":"b","$handleDelegated":"v","$stripSpacesAndPunctuation":"m","$registeredValues":"y","$init":"w","$isResuming":"k","$register":"C","$registerBoundSignal":"N","$nodeRef":"S","$controllable_input_checked":"A","$controllable_input_checked_effect":"_","$controllable_input_checkedValue":"$","$controllable_input_checkedValue_effect":"x","$controllable_input_value":"M","$controllable_input_value_effect":"I","$controllable_select_value":"T","$controllable_select_value_effect":"E","$setSelectOptions":"O","$controllable_detailsOrDialog_open":"j","$controllable_detailsOrDialog_open_effect":"q","$inputType":"D","$setValueAndUpdateSelection":"L","$setCheckboxValue":"R","$controllableDelegate":"B","$syncControllable":"V","$handleChange":"P","$handleFormReset":"U","$hasValueChanged":"F","$hasCheckboxChanged":"W","$hasSelectChanged":"z","$hasFormElementChanged":"G","$normalizeStrProp":"H","$normalizeBoolProp":"X","$toValueProp":"Z","$parsers":"J","$parseHTML":"K","$attr":"Q","$setAttribute":"Y","$classAttr":"ee","$styleAttr":"te","$data":"ne","$textContent":"re","$attrs":"le","$hasAttrAlias":"oe","$partialAttrs":"ie","$attrsInternal":"ue","$attrsEvents":"ae","$html":"fe","$props":"ce","$normalizeAttrValue":"se","$normalizeString":"de","$lifecycle":"he","$removeChildNodes":"ge","$insertChildNodes":"pe","$toInsertNode":"be","$pendingScopes":"ve","$createScope":"me","$skipScope":"ye","$destroyBranch":"we","$destroyNestedBranches":"ke","$removeAndDestroyBranch":"Ce","$insertBranchBefore":"Ne","$tempDetatchBranch":"Se","$walker":"Ae","$walk":"_e","$walkInternal":"$e","$createBranch":"xe","$createAndSetupBranch":"Me","$setupBranch":"Ie","$createContent":"Te","$registerContent":"Ee","$createRenderer":"Oe","$isScheduled":"je","$cloneCache":"qe","$port2":"De","$flushAndWaitFrame":"Le","$triggerMacroTask":"Re","$state":"Be","$value":"Ve","$intersection":"Pe","$loopClosure":"Ue","$conditionalClosure":"Fe","$subscribeToScopeSet":"We","$dynamicClosure":"ze","$dynamicClosureRead":"Ge","$closure":"He","$setTagVar":"Xe","$tagVarSignal":"Ze","$setTagVarChange":"Je","$tagVarSignalChange":"Ke","$tagIdsByGlobal":"Qe","$nextTagId":"Ye","$effect":"et","$traverseAllHoisted":"tt","$hoist":"nt","$awaitTag":"rt","$createTry":"lt","$conditional":"ot","$dynamicTag":"it","$setConditionalRenderer":"ut","$loopOf":"at","$loopIn":"ft","$loopTo":"ct","$loop":"st","$createBranchWithTagNameOrRenderer":"dt","$bySecondArg":"ht","$byFirstArg":"gt","$pendingRenders":"pt","$pendingRendersLookup":"bt","$pendingEffects":"vt","$rendering":"mt","$scopeKeyOffset":"yt","$queueRender":"wt","$queueEffect":"kt","$run":"Ct","$prepareEffects":"Nt","$runEffects":"St","$runRenders":"At","$runRender":"_t","$enableCatch":"$t","$resetAbortSignal":"xt","$getAbortSignal":"Mt","$abort":"It","$classIdToBranch":"Tt","$compat":"Et","$createTemplate":"Ot","$mount":"jt","$_clickCount_effect":"Bt","$_clickCount":"Dt","$_setup_":"qt","$_expr_comment_comments_id$if_content":"ss","$_id$if_content":"ts","$_comment_comments$if_content":"as","$_if_content":"ns","$_expr_input_path_i$for_content":"os","$_if$for_content":"cs","$_open$for_content_effect":"ms","$_open$for_content":"is","$_id$for_content":"ls","$_i$for_content":"us","$_comment_comments$for_content":"es","$_comment_text$for_content":"bs","$_comment$for_content":"ps","$_params_2$for_content":"hs","$_input_path$for_content":"_s","$_for":"ds","$_input_path_":"fs","$_input_comments_":"rs","$_input_$1":"Ds"}}}