{
  "examples": {
    "counter": "./packages/runtime-tags/src/__tests__/fixtures/basic-counter/template.marko",
    "comments": "./packages/runtime-tags/src/__tests__/fixtures/basic-inert-collapsible-tree/template.marko"
  },
  "results": [
    {
      "name": "*",
      "total": {
        "min": 18706,
        "brotli": 7108
      }
    },
    {
      "name": "counter",
      "user": {
        "min": 190,
        "brotli": 147
      },
      "runtime": {
        "min": 3956,
        "brotli": 1737
      },
      "total": {
        "min": 4146,
        "brotli": 1884
      }
    },
    {
      "name": "counter 💧",
      "user": {
        "min": 112,
        "brotli": 98
      },
      "runtime": {
        "min": 3052,
        "brotli": 1463
      },
      "total": {
        "min": 3164,
        "brotli": 1561
      }
    },
    {
      "name": "comments",
      "user": {
        "min": 981,
        "brotli": 467
      },
      "runtime": {
        "min": 7040,
        "brotli": 3015
      },
      "total": {
        "min": 8021,
        "brotli": 3482
      }
    },
    {
      "name": "comments 💧",
      "user": {
        "min": 145,
        "brotli": 129
      },
      "runtime": {
        "min": 3218,
        "brotli": 1520
      },
      "total": {
        "min": 3363,
        "brotli": 1649
      }
    }
  ]
}